bioguideId,last_name,first_name,party,state,chamber,chamber_id
G000289,Goodlatte,Robert,R,VA,House,1
B000013,Bachus,Spencer,R,AL,House,1
B001257,Bilirakis,Gus,R,FL,House,1
B001243,Blackburn,Marsha,R,TN,House,1
B001255,Boustany,Charles,R,LA,House,1
B001260,Buchanan,Vern,R,FL,House,1
C000266,Chabot,Steve,R,OH,House,1
C001076,Chaffetz,Jason,R,UT,House,1
C001077,Coffman,Mike,R,CO,House,1
C001093,Collins,Doug,R,GA,House,1
C001062,Conaway,K.,R,TX,House,1
C001087,Crawford,Eric,R,AR,House,1
C001048,Culberson,John,R,TX,House,1
D000615,Duncan,Jeff,R,SC,House,1
D000533,Duncan,John,R,TN,House,1
F000448,Franks,Trent,R,AZ,House,1
G000548,Garrett,Scott,R,NJ,House,1
G000549,Gerlach,Jim,R,PA,House,1
G000568,Griffith,H.,R,VA,House,1
H001058,Huizenga,Bill,R,MI,House,1
H001059,Hultgren,Randy,R,IL,House,1
H001060,Hurt,Robert,R,VA,House,1
K000362,King,Steve,R,IA,House,1
L000573,Labrador,Raul,R,ID,House,1
L000564,Lamborn,Doug,R,CO,House,1
L000567,Lance,Leonard,R,NJ,House,1
L000569,Luetkemeyer,Blaine,R,MO,House,1
M001179,Marino,Tom,R,PA,House,1
M001150,Miller,Candice,R,MI,House,1
M001144,Miller,Jeff,R,FL,House,1
M001182,Mulvaney,Mick,R,SC,House,1
N000185,Nugent,Richard,R,FL,House,1
O000168,Olson,Pete,R,TX,House,1
P000592,Poe,Ted,R,TX,House,1
P000599,Posey,Bill,R,FL,House,1
M001159,Mcmorris Rodgers,Cathy,R,WA,House,1
R000582,Roe,David,R,TN,House,1
R000580,Roskam,Peter,R,IL,House,1
S000583,Smith,Lamar,R,TX,House,1
S000244,Sensenbrenner,F.,R,WI,House,1
W000798,Walberg,Tim,R,MI,House,1
W000796,Westmoreland,Lynn,R,GA,House,1
W000795,Wilson,Joe,R,SC,House,1
D000604,Dent,Charles,R,PA,House,1
P000601,Palazzo,Steven,R,MS,House,1
M001180,Mckinley,David,R,WV,House,1
P000588,Pearce,Stevan,R,NM,House,1
G000563,Gibbs,Bob,R,OH,House,1
B001262,Broun,Paul,R,GA,House,1
B001282,Barr,Andy,R,KY,House,1
B001248,Burgess,Michael,R,TX,House,1
F000458,Fincher,Stephen,R,TN,House,1
G000566,Gowdy,Trey,R,SC,House,1
G000558,Guthrie,Brett,R,KY,House,1
H000067,Hall,Ralph,R,TX,House,1
H001065,Holding,George,R,NC,House,1
M001187,Meadows,Mark,R,NC,House,1
U000031,Upton,Fred,R,MI,House,1
W000804,Wittman,Robert,R,VA,House,1
B001271,Benishek,Dan,R,MI,House,1
B001275,Bucshon,Larry,R,IN,House,1
C000071,Camp,Dave,R,MI,House,1
D000621,Desantis,Ron,R,FL,House,1
F000461,Flores,Bill,R,TX,House,1
F000445,Forbes,J.,R,VA,House,1
G000562,Gardner,Cory,R,CO,House,1
G000560,Graves,Tom,R,GA,House,1
H001053,Hartzler,Vicky,R,MO,House,1
H001036,Hensarling,Jeb,R,TX,House,1
I000056,Issa,Darrell,R,CA,House,1
J000289,Jordan,Jim,R,OH,House,1
K000363,Kline,John,R,MN,House,1
L000576,Long,Billy,R,MO,House,1
M001157,Mccaul,Michael,R,TX,House,1
M001190,Mullin,Markwayne,R,OK,House,1
R000587,Ribble,Reid,R,WI,House,1
R000592,Rokita,Todd,R,IN,House,1
R000593,Ross,Dennis,R,FL,House,1
R000487,Royce,Ed,R,CA,House,1
S001176,Scalise,Steve,R,LA,House,1
W000814,Weber,Randy,R,TX,House,1
P000606,Pittenger,Robert,R,NC,House,1
W000815,Wenstrup,Brad,R,OH,House,1
L000491,Lucas,Frank,R,OK,House,1
B001280,Bentivolio,Kerry,R,MI,House,1
S000051,Sanford,Mark,R,SC,House,1
S001195,Smith,Jason,R,MO,House,1
M001151,Murphy,Tim,R,PA,House,1
G000550,Gingrey,Phil,R,GA,House,1
H001067,Hudson,Richard,R,NC,House,1
S000250,Sessions,Pete,R,TX,House,1
P000602,Pompeo,Mike,R,KS,House,1
S001183,Schweikert,David,R,AZ,House,1
M000725,Miller,George,D,CA,House,1
J000174,Johnson,Sam,R,TX,House,1
B000287,Becerra,Xavier,D,CA,House,1
C001053,Cole,Tom,R,OK,House,1
B001283,Bridenstine,Jim,R,OK,House,1
M001184,Massie,Thomas,R,KY,House,1
W000810,Woodall,Rob,R,GA,House,1
H001052,Harris,Andy,R,MD,House,1
Y000065,Yoho,Ted,R,FL,House,1
T000238,Thornberry,William,R,TX,House,1
S000018,Salmon,Matt,R,AZ,House,1
S001186,Southerland,Steve,R,FL,House,1
C001045,Crenshaw,Ander,R,FL,House,1
B000911,Brown,Corrine,D,FL,House,1
M000689,Mica,John,R,FL,House,1
G000556,Grayson,Alan,D,FL,House,1
W000806,Webster,Daniel,R,FL,House,1
C001066,Castor,Kathy,D,FL,House,1
R000583,Rooney,Thomas,R,FL,House,1
M001191,Murphy,Patrick,D,FL,House,1
R000596,Radel,Trey,R,FL,House,1
H000324,Hastings,Alcee,D,FL,House,1
D000610,Deutch,Theodore,D,FL,House,1
F000462,Frankel,Lois,D,FL,House,1
W000797,Wasserman Schultz,Debbie,D,FL,House,1
W000808,Wilson,Frederica,D,FL,House,1
D000600,Diaz-Balart,Mario,R,FL,House,1
G000573,Garcia,Joe,D,FL,House,1
R000435,Ros-Lehtinen,Ileana,R,FL,House,1
P000596,Pierluisi,Pedro,D,PR,House,1
G000410,Green,Gene,D,TX,House,1
B001289,Byrne,Bradley,R,AL,House,1
V000132,Vela,Filemon,D,TX,House,1
R000395,Rogers,Harold,R,KY,House,1
Y000062,Yarmuth,John,D,KY,House,1
L000551,Lee,Barbara,D,CA,House,1
S001168,Sarbanes,John,D,MD,House,1
C001068,Cohen,Steve,D,TN,House,1
H001051,Hanna,Richard,R,NY,House,1
D000616,Desjarlais,Scott,R,TN,House,1
B001290,Brat,Dave,R,VA,House,1
E000179,Engel,Eliot,D,NY,House,1
T000459,Terry,Lee,R,NE,House,1
C001095,Cotton,Tom,R,AR,House,1
L000111,Latham,Tom,R,IA,House,1
G000377,Granger,Kay,R,TX,House,1
N000186,Nunnelee,Alan,R,MS,House,1
L000575,Lankford,James,R,OK,House,1
B001250,Bishop,Rob,R,UT,House,1
H001057,Huelskamp,Tim,R,KS,House,1
F000460,Farenthold,Blake,R,TX,House,1
S001189,Scott,Austin,R,GA,House,1
S001175,Speier,Jackie,D,CA,House,1
B001279,Barber,Ron,D,AZ,House,1
B001270,Bass,Karen,D,CA,House,1
B001281,Beatty,Joyce,D,OH,House,1
B001242,Bishop,Timothy,D,NY,House,1
H001064,Heck,Denny,D,WA,House,1
C001101,Clark,Katherine,D,MA,House,1
B000574,Blumenauer,Earl,D,OR,House,1
B001278,Bonamici,Suzanne,D,OR,House,1
B001259,Braley,Bruce,D,IA,House,1
B001285,Brownley,Julia,D,CA,House,1
C001097,Cardenas,Tony,D,CA,House,1
C001083,Carney,John,D,DE,House,1
C001090,Cartwright,Matt,D,PA,House,1
C001080,Chu,Judy,D,CA,House,1
C001084,Cicilline,David,D,RI,House,1
C001049,Clay,Wm.,D,MO,House,1
C001078,Connolly,Gerald,D,VA,House,1
C000714,Conyers,John,D,MI,House,1
C000984,Cummings,Elijah,D,MD,House,1
D000598,Davis,Susan,D,CA,House,1
D000191,Defazio,Peter,D,OR,House,1
D000197,Degette,Diana,D,CO,House,1
D000620,Delaney,John,D,MD,House,1
D000216,Delauro,Rosa,D,CT,House,1
D000355,Dingell,John,D,MI,House,1
D000399,Doggett,Lloyd,D,TX,House,1
E000290,Edwards,Donna,D,MD,House,1
E000288,Ellison,Keith,D,MN,House,1
E000215,Eshoo,Anna,D,CA,House,1
F000030,Farr,Sam,D,CA,House,1
G000559,Garamendi,John,D,CA,House,1
G000551,Grijalva,Raul,D,AZ,House,1
H001063,Hahn,Janice,D,CA,House,1
H001038,Higgins,Brian,D,NY,House,1
H001047,Himes,James,D,CT,House,1
H001032,Holt,Rush,D,NJ,House,1
H001034,Honda,Michael,D,CA,House,1
H000874,Hoyer,Steny,D,MD,House,1
H001068,Huffman,Jared,D,CA,House,1
I000057,Israel,Steve,D,NY,House,1
J000288,Johnson,Henry,D,GA,House,1
K000379,Kennedy,Joseph,D,MA,House,1
K000380,Kildee,Daniel,D,MI,House,1
K000188,Kind,Ron,D,WI,House,1
L000559,Langevin,James,D,RI,House,1
L000263,Levin,Sander,D,MI,House,1
L000579,Lowenthal,Alan,D,CA,House,1
L000580,Lujan Grisham,Michelle,D,NM,House,1
M000087,Maloney,Carolyn,D,NY,House,1
M001143,Mccollum,Betty,D,MN,House,1
M000404,Mcdermott,Jim,D,WA,House,1
M000312,Mcgovern,James,D,MA,House,1
M001149,Michaud,Michael,D,ME,House,1
M001160,Moore,Gwen,D,WI,House,1
M000933,Moran,James,D,VA,House,1
N000179,Napolitano,Grace,D,CA,House,1
N000127,Nolan,Richard,D,MN,House,1
N000147,Norton,Eleanor,D,DC,House,1
P000608,Peters,Scott,D,CA,House,1
P000597,Pingree,Chellie,D,ME,House,1
P000607,Pocan,Mark,D,WI,House,1
R000486,Roybal-Allard,Lucille,D,CA,House,1
R000576,Ruppersberger,C. A.,D,MD,House,1
S001156,Sanchez,Linda,D,CA,House,1
S001145,Schakowsky,Janice,D,IL,House,1
S001150,Schiff,Adam,D,CA,House,1
S000185,Scott,Robert,D,VA,House,1
S001170,Shea-Porter,Carol,D,NH,House,1
S000344,Sherman,Brad,D,CA,House,1
S001165,Sires,Albio,D,NJ,House,1
S000480,Slaughter,Louise,D,NY,House,1
S000510,Smith,Adam,D,WA,House,1
S001193,Swalwell,Eric,D,CA,House,1
T000472,Takano,Mark,D,CA,House,1
T000460,Thompson,Mike,D,CA,House,1
T000266,Tierney,John,D,MA,House,1
T000468,Titus,Dina,D,NV,House,1
T000465,Tsongas,Niki,D,MA,House,1
V000128,Van Hollen,Chris,D,MD,House,1
V000131,Veasey,Marc,D,TX,House,1
W000215,Waxman,Henry,D,CA,House,1
W000800,Welch,Peter,D,VT,House,1
P000258,Peterson,Collin,D,MN,House,1
P000096,Pascrell,William,D,NJ,House,1
H001050,Hanabusa,Colleen,D,HI,House,1
M001185,Maloney,Sean,D,NY,House,1
B001227,Brady,Robert,D,PA,House,1
R000588,Richmond,Cedric,D,LA,House,1
G000535,Gutierrez,Luis,D,IL,House,1
P000595,Peters,Gary,D,MI,House,1
N000187,Negrete Mcleod,Gloria,D,CA,House,1
K000009,Kaptur,Marcy,D,OH,House,1
R000577,Ryan,Tim,D,OH,House,1
P000034,Pallone,Frank,D,NJ,House,1
M000309,Mccarthy,Carolyn,D,NY,House,1
M001163,Matsui,Doris,D,CA,House,1
B001286,Bustos,Cheri,D,IL,House,1
W000187,Waters,Maxine,D,CA,House,1
T000469,Tonko,Paul,D,NY,House,1
K000385,Kelly,Robin,D,IL,House,1
S001191,Sinema,Kyrsten,D,AZ,House,1
E000293,Esty,Elizabeth,D,CT,House,1
S001180,Schrader,Kurt,D,OR,House,1
C000380,Christensen,Donna,D,VI,House,1
S001190,Schneider,Bradley,D,IL,House,1
F000455,Fudge,Marcia,D,OH,House,1
L000565,Loebsack,David,D,IA,House,1
K000368,Kirkpatrick,Ann,D,AZ,House,1
P000099,Pastor,Ed,D,AZ,House,1
C001067,Clarke,Yvette,D,NY,House,1
D000617,Delbene,Suzan,D,WA,House,1
G000553,Green,Al,D,TX,House,1
H000636,Hinojosa,Ruben,D,TX,House,1
K000375,Keating,William,D,MA,House,1
K000382,Kuster,Ann,D,NH,House,1
L000480,Lowey,Nita,D,NY,House,1
M001166,Mcnerney,Jerry,D,CA,House,1
P000523,Price,David,D,NC,House,1
S000030,Sanchez,Loretta,D,CA,House,1
F000454,Foster,Bill,D,IL,House,1
C001091,Castro,Joaquin,D,TX,House,1
C001069,Courtney,Joe,D,CT,House,1
P000593,Perlmutter,Ed,D,CO,House,1
R000599,Ruiz,Raul,D,CA,House,1
S000248,Serrano,Jose,D,NY,House,1
S001185,Sewell,Terri,D,AL,House,1
C001072,Carson,Andre,D,IN,House,1
H001066,Horsford,Steven,D,NV,House,1
W000799,Walz,Timothy,D,MN,House,1
J000294,Jeffries,Hakeem,D,NY,House,1
D000482,Doyle,Mike,D,PA,House,1
N000002,Nadler,Jerrold,D,NY,House,1
L000557,Larson,John,D,CT,House,1
L000571,Lummis,Cynthia,R,WY,House,1
C001064,Campbell,John,R,CA,House,1
G000552,Gohmert,Louie,R,TX,House,1
S001192,Stewart,Chris,R,UT,House,1
M001177,Mcclintock,Tom,R,CA,House,1
K000378,Kinzinger,Adam,R,IL,House,1
Y000033,Young,Don,R,AK,House,1
J000255,Jones,Walter,R,NC,House,1
H001045,Harper,Gregg,R,MS,House,1
C001075,Cassidy,Bill,R,LA,House,1
C001051,Carter,John,R,TX,House,1
D000619,Davis,Rodney,R,IL,House,1
E000291,Ellmers,Renee,R,NC,House,1
C001047,Capito,Shelley,R,WV,House,1
W000813,Walorski,Jackie,R,IN,House,1
C001096,Cramer,Kevin,R,ND,House,1
P000605,Perry,Scott,R,PA,House,1
G000567,Griffin,Tim,R,AR,House,1
J000290,Jenkins,Lynn,R,KS,House,1
R000598,Rothfus,Keith,R,PA,House,1
B001269,Barletta,Lou,R,PA,House,1
R000053,Rangel,Charles,D,NY,House,1
L000560,Larsen,Rick,D,WA,House,1
L000570,Lujan,Ben,D,NM,House,1
K000381,Kilmer,Derek,D,WA,House,1
P000604,Payne,Donald,D,NJ,House,1
F000043,Fattah,Chaka,D,PA,House,1
L000287,Lewis,John,D,GA,House,1
B001251,Butterfield,G. K.,D,NC,House,1
C001037,Capuano,Michael,D,MA,House,1
G000571,Gabbard,Tulsi,D,HI,House,1
L000397,Lofgren,Zoe,D,CA,House,1
J000032,Jackson Lee,Sheila,D,TX,House,1
P000197,Pelosi,Nancy,D,CA,House,1
M001137,Meeks,Gregory,D,NY,House,1
Q000023,Quigley,Mike,D,IL,House,1
O000170,O'rourke,Beto,D,TX,House,1
C001038,Crowley,Joseph,D,NY,House,1
L000562,Lynch,Stephen,D,MA,House,1
E000292,Enyart,William,D,IL,House,1
S001162,Schwartz,Allyson,D,PA,House,1
J000126,Johnson,Eddie,D,TX,House,1
M001188,Meng,Grace,D,NY,House,1
J000296,Jolly,David,R,FL,House,1
L000578,Lamalfa,Doug,R,CA,House,1
W000816,Williams,Roger,R,TX,House,1
B001256,Bachmann,Michele,R,MN,House,1
A000055,Aderholt,Robert,R,AL,House,1
N000184,Noem,Kristi,R,SD,House,1
C001092,Collins,Chris,R,NY,House,1
S001179,Schock,Aaron,R,IL,House,1
W000812,Wagner,Ann,R,MO,House,1
M001156,Mchenry,Patrick,R,NC,House,1
C000059,Calvert,Ken,R,CA,House,1
Y000063,Yoder,Kevin,R,KS,House,1
G000565,Gosar,Paul,R,AZ,House,1
B000213,Barton,Joe,R,TX,House,1
M001165,Mccarthy,Kevin,R,CA,House,1
R000591,Roby,Martha,R,AL,House,1
E000172,Emerson,Jo,R,MO,House,1
Y000031,Young,C. W.,R,FL,House,1
C000556,Coble,Howard,R,NC,House,1
A000369,Amodei,Mark,R,NV,House,1
W000791,Walden,Greg,R,OR,House,1
S001154,Shuster,Bill,R,PA,House,1
W000672,Wolf,Frank,R,VA,House,1
P000591,Price,Tom,R,GA,House,1
S001187,Stivers,Steve,R,OH,House,1
B001273,Black,Diane,R,TN,House,1
P000265,Petri,Tom,R,WI,House,1
B001244,Bonner,Jo,R,AL,House,1
M001139,Miller,Gary,R,CA,House,1
R000572,Rogers,Mike,R,MI,House,1
F000451,Fitzpatrick,Michael,R,PA,House,1
N000182,Neugebauer,Randy,R,TX,House,1
F000449,Fortenberry,Jeff,R,NE,House,1
F000459,Fleischmann,Charles,R,TN,House,1
M001142,Matheson,Jim,D,UT,House,1
M000485,Mcintyre,Mike,D,NC,House,1
M001181,Meehan,Patrick,R,PA,House,1
S001148,Simpson,Michael,R,ID,House,1
Y000064,Young,Todd,R,IN,House,1
H000329,Hastings,Doc,R,WA,House,1
H001055,Heck,Joseph,R,NV,House,1
J000295,Joyce,David,R,OH,House,1
M001189,Messer,Luke,R,IN,House,1
R000597,Rice,Tom,R,SC,House,1
R000575,Rogers,Mike,R,AL,House,1
S001172,Smith,Adrian,R,NE,House,1
T000462,Tiberi,Patrick,R,OH,House,1
G000564,Gibson,Christopher,R,NY,House,1
K000220,Kingston,Jack,R,GA,House,1
T000463,Turner,Michael,R,OH,House,1
M000133,Markey,Edward,D,MA,House,1
N000015,Neal,Richard,D,MA,House,1
C001036,Capps,Lois,D,CA,House,1
C000754,Cooper,James,D,TN,House,1
D000614,Duffy,Sean,R,WI,House,1
A000367,Amash,Justin,R,MI,House,1
L000563,Lipinski,Daniel,D,IL,House,1
S001188,Stutzman,Marlin,R,IN,House,1
T000470,Tipton,Scott,R,CO,House,1
S000937,Stockman,Steve,R,TX,House,1
P000598,Polis,Jared,D,CO,House,1
R000515,Rush,Bobby,D,IL,House,1
B001284,Brooks,Susan,R,IN,House,1
P000373,Pitts,Joseph,R,PA,House,1
B001274,Brooks,Mo,R,AL,House,1
D000612,Denham,Jeff,R,CA,House,1
C001094,Cook,Paul,R,CA,House,1
B001252,Barrow,John,D,GA,House,1
M001171,Maffei,Daniel,D,NY,House,1
D000622,Duckworth,Tammy,D,IL,House,1
C001061,Cleaver,Emanuel,D,MO,House,1
B000490,Bishop,Sanford,D,GA,House,1
G000546,Graves,Sam,R,MO,House,1
C001063,Cuellar,Henry,D,TX,House,1
C001059,Costa,Jim,D,CA,House,1
G000572,Gallego,Pete,D,TX,House,1
F000456,Fleming,John,R,LA,House,1
R000011,Rahall,Nick,D,WV,House,1
A000210,Andrews,Robert,D,NJ,House,1
W000207,Watt,Melvin,D,NC,House,1
T000193,Thompson,Bennie,D,MS,House,1
D000096,Davis,Danny,D,IL,House,1
K000210,King,Peter,R,NY,House,1
J000292,Johnson,Bill,R,OH,House,1
R000585,Reed,Tom,R,NY,House,1
D000618,Daines,Steve,R,MT,House,1
L000566,Latta,Robert,R,OH,House,1
M001158,Marchant,Kenny,R,TX,House,1
S000522,Smith,Christopher,R,NJ,House,1
H001048,Hunter,Duncan,R,CA,House,1
N000181,Nunes,Devin,R,CA,House,1
K000376,Kelly,Mike,R,PA,House,1
T000467,Thompson,Glenn,R,PA,House,1
C000537,Clyburn,James,D,SC,House,1
F000372,Frelinghuysen,Rodney,R,NJ,House,1
S001157,Scott,David,D,GA,House,1
V000081,Velazquez,Nydia,D,NY,House,1
B001245,Bordallo,Madeleine,D,GU,House,1
O000169,Owens,William,D,NY,House,1
L000554,Lobiondo,Frank,R,NJ,House,1
B001287,Bera,Ami,D,CA,House,1
S000364,Shimkus,John,R,IL,House,1
R000586,Renacci,James,R,OH,House,1
V000130,Vargas,Juan,D,CA,House,1
R000409,Rohrabacher,Dana,R,CA,House,1
W000809,Womack,Steve,R,AR,House,1
M000508,Mckeon,Howard,R,CA,House,1
V000108,Visclosky,Peter,D,IN,House,1
G000569,Grimm,Michael,R,NY,House,1
R000578,Reichert,David,R,WA,House,1
M001192,Mcallister,Vance,R,LA,House,1
S001177,Sablan,Gregorio,D,MP,House,1
R000594,Runyan,Jon,R,NJ,House,1
A000361,Alexander,Rodney,R,LA,House,1
H001056,Herrera Beutler,Jaime,R,WA,House,1
F000010,Faleomavaega,Eni,D,AS,House,1
W000413,Whitfield,Edward,R,KY,House,1
P000594,Paulsen,Erik,R,MN,House,1
V000129,Valadao,David,R,CA,House,1
F000450,Foxx,Virginia,R,NC,House,1
B000755,Brady,Kevin,R,TX,House,1
R000589,Rigell,E.,R,VA,House,1
R000570,Ryan,Paul,R,WI,House,1
C001102,Clawson,Curt,R,FL,House,1
A000370,Adams,Alma,D,NC,House,1
R000146,Reid,Harry,D,NV,Senate,2
L000174,Leahy,Patrick,D,VT,Senate,2
M000639,Menendez,Robert,D,NJ,Senate,2
D000563,Durbin,Richard,D,IL,Senate,2
S000148,Schumer,Charles,D,NY,Senate,2
H001042,Hirono,Mazie,D,HI,Senate,2
S001194,Schatz,Brian,D,HI,Senate,2
B000944,Brown,Sherrod,D,OH,Senate,2
F000062,Feinstein,Dianne,D,CA,Senate,2
C001088,Coons,Christopher,D,DE,Senate,2
G000555,Gillibrand,Kirsten,D,NY,Senate,2
B001277,Blumenthal,Richard,D,CT,Senate,2
K000367,Klobuchar,Amy,D,MN,Senate,2
B000711,Boxer,Barbara,D,CA,Senate,2
L000261,Levin,Carl,D,MI,Senate,2
H001046,Heinrich,Martin,D,NM,Senate,2
S000770,Stabenow,Deborah,D,MI,Senate,2
J000177,Johnson,Tim,D,SD,Senate,2
B000243,Baucus,Max,D,MT,Senate,2
B001267,Bennet,Michael,D,CO,Senate,2
T000464,Tester,Jon,D,MT,Senate,2
C001070,Casey,Bob,D,PA,Senate,2
H000206,Harkin,Thomas,D,IA,Senate,2
H001069,Heitkamp,Heidi,D,ND,Senate,2
D000607,Donnelly,Joe,D,IN,Senate,2
F000457,Franken,Al,D,MN,Senate,2
C000174,Carper,Thomas,D,DE,Senate,2
V000127,Vitter,David,R,LA,Senate,2
W000805,Warner,Mark,D,VA,Senate,2
K000384,Kaine,Timothy,D,VA,Senate,2
C001056,Cornyn,John,R,TX,Senate,2
K000360,Kirk,Mark,R,IL,Senate,2
C001098,Cruz,Ted,R,TX,Senate,2
B000575,Blunt,Roy,R,MO,Senate,2
R000307,Roberts,Pat,R,KS,Senate,2
C000286,Chambliss,Saxby,R,GA,Senate,2
R000584,Risch,James,R,ID,Senate,2
C000542,Coats,Daniel,R,IN,Senate,2
G000359,Graham,Lindsey,R,SC,Senate,2
W000437,Wicker,Roger,R,MS,Senate,2
F000463,Fischer,Deb,R,NE,Senate,2
B001236,Boozman,John,R,AR,Senate,2
C000880,Crapo,Michael,R,ID,Senate,2
I000055,Isakson,Johnny,R,GA,Senate,2
H001061,Hoeven,John,R,ND,Senate,2
R000595,Rubio,Marco,R,FL,Senate,2
P000449,Portman,Rob,R,OH,Senate,2
L000577,Lee,Mike,R,UT,Senate,2
S001184,Scott,Tim,R,SC,Senate,2
H000338,Hatch,Orrin,R,UT,Senate,2
C000560,Coburn,Tom,R,OK,Senate,2
B001135,Burr,Richard,R,NC,Senate,2
A000360,Alexander,Lamar,R,TN,Senate,2
H001041,Heller,Dean,R,NV,Senate,2
P000603,Paul,Rand,R,KY,Senate,2
U000039,Udall,Tom,D,NM,Senate,2
W000802,Whitehouse,Sheldon,D,RI,Senate,2
M000702,Mikulski,Barbara,D,MD,Senate,2
B001261,Barrasso,John,R,WY,Senate,2
S001141,Sessions,Jeff,R,AL,Senate,2
I000024,Inhofe,Jim,R,OK,Senate,2
M001153,Murkowski,Lisa,R,AK,Senate,2
G000386,Grassley,Charles,R,IA,Senate,2
E000285,Enzi,Michael,R,WY,Senate,2
M000303,Mccain,John,R,AZ,Senate,2
J000293,Johnson,Ron,R,WI,Senate,2
F000444,Flake,Jeff,R,AZ,Senate,2
C000567,Cochran,Thad,R,MS,Senate,2
K000383,King,Angus,I,ME,Senate,2
C001035,Collins,Susan,R,ME,Senate,2
S001181,Shaheen,Jeanne,D,NH,Senate,2
S000033,Sanders,Bernard,I,VT,Senate,2
M001176,Merkley,Jeff,D,OR,Senate,2
B001265,Begich,Mark,D,AK,Senate,2
L000123,Lautenberg,Frank,D,NJ,Senate,2
M000133,Markey,Edward,D,MA,Senate,2
L000550,Landrieu,Mary,D,LA,Senate,2
M001183,Manchin,Joe,D,WV,Senate,2
M001111,Murray,Patty,D,WA,Senate,2
P000590,Pryor,Mark,D,AR,Senate,2
T000461,Toomey,Pat,R,PA,Senate,2
H001049,Hagan,Kay,D,NC,Senate,2
J000291,Johanns,Mike,R,NE,Senate,2
A000368,Ayotte,Kelly,R,NH,Senate,2
R000122,Reed,John,D,RI,Senate,2
M000934,Moran,Jerry,R,KS,Senate,2
T000250,Thune,John,R,SD,Senate,2
W000817,Warren,Elizabeth,D,MA,Senate,2
N000032,Nelson,Clarence,D,FL,Senate,2
B001288,Booker,Cory,D,NJ,Senate,2
M001169,Murphy,Christopher,D,CT,Senate,2
C000141,Cardin,Benjamin,D,MD,Senate,2
W000818,Walsh,John,D,MT,Senate,2
C001071,Corker,Bob,R,TN,Senate,2
R000361,Rockefeller,Jay,D,WV,Senate,2
U000038,Udall,Mark,D,CO,Senate,2
M001170,Mccaskill,Claire,D,MO,Senate,2
B001230,Baldwin,Tammy,D,WI,Senate,2
W000779,Wyden,Ron,D,OR,Senate,2
M000355,Mcconnell,Mitch,R,KY,Senate,2
C000127,Cantwell,Maria,D,WA,Senate,2
C001099,Cowan,"William ""Mo""",D,MA,Senate,2
C001100,Chiesa,Jeffrey,R,NJ,Senate,2
S000320,Shelby,Richard,R,AL,Senate,2
K000148,Kerry,John,D,MA,Senate,2
P000611,Poliquin,Bruce,R,ME,House,1
R000603,Rouzer,David,R,NC,House,1
R000601,Ratcliffe,John,R,TX,House,1
N000189,Newhouse,Dan,R,WA,House,1
G000570,Guinta,Frank,R,NH,House,1
W000821,Westerman,Bruce,R,AR,House,1
G000576,Grothman,Glenn,R,WI,House,1
Y000066,Young,David,R,IA,House,1
B001294,Blum,Rod,R,IA,House,1
H001071,Hice,Jody,R,GA,House,1
E000294,Emmer,Tom,R,MN,House,1
B001291,Babin,Brian,R,TX,House,1
H001072,Hill,J.,R,AR,House,1
T000475,Trott,David,R,MI,House,1
M001197,Mcsally,Martha,R,AZ,House,1
R000604,Russell,Steve,R,OK,House,1
B001296,Boyle,Brendan,D,PA,House,1
L000582,Lieu,Ted,D,CA,House,1
J000297,Jenkins,Evan,R,WV,House,1
W000819,Walker,Mark,R,NC,House,1
A000372,Allen,Rick,R,GA,House,1
Z000017,Zeldin,Lee,R,NY,House,1
A000374,Abraham,Ralph,R,LA,House,1
L000585,Lahood,Darin,R,IL,House,1
L000583,Loudermilk,Barry,R,GA,House,1
P000609,Palmer,Gary,R,AL,House,1
B001293,Bishop,Mike,R,MI,House,1
C001105,Comstock,Barbara,R,VA,House,1
H001070,Hardy,Cresent,R,NV,House,1
M001195,Mooney,Alexander,R,WV,House,1
Z000018,Zinke,Ryan,R,MT,House,1
D000613,Dold,Robert,R,IL,House,1
K000388,Kelly,Trent,R,MS,House,1
B001292,Beyer,Donald,D,VA,House,1
T000474,Torres,Norma,D,CA,House,1
R000602,Rice,Kathleen,D,NY,House,1
G000574,Gallego,Ruben,D,AZ,House,1
M001196,Moulton,Seth,D,MA,House,1
N000188,Norcross,Donald,D,NJ,House,1
A000371,Aguilar,Pete,D,CA,House,1
T000473,Takai,Mark,D,HI,House,1
D000623,Desaulnier,Mark,D,CA,House,1
L000581,Lawrence,Brenda,D,MI,House,1
A000373,Ashford,Brad,D,NE,House,1
G000575,Graham,Gwen,D,FL,House,1
W000822,Watson Coleman,Bonnie,D,NJ,House,1
C001107,Curbelo,Carlos,R,FL,House,1
C001103,Carter,Earl,R,GA,House,1
K000387,Knight,Stephen,R,CA,House,1
B001297,Buck,Ken,R,CO,House,1
P000610,Plaskett,Stacey,D,VI,House,1
D000624,Dingell,Debbie,D,MI,House,1
L000584,Love,Mia,R,UT,House,1
M001194,Moolenaar,John,R,MI,House,1
K000386,Katko,John,R,NY,House,1
W000820,Walters,Mimi,R,CA,House,1
B001295,Bost,Mike,R,IL,House,1
G000577,Graves,Garret,R,LA,House,1
S001196,Stefanik,Elise,R,NY,House,1
M001193,Macarthur,Thomas,R,NJ,House,1
B000589,Boehner,John,R,OH,House,1
C001106,Costello,Ryan,R,PA,House,1
H001073,Hurd,Will,R,TX,House,1
D000625,Donovan,Daniel,R,NY,House,1
D000626,Davidson,Warren,R,OH,House,1
R000600,Radewagen,Aumua Amata,R,AS,House,1
E000296,Evans,Dwight,D,PA,House,1
D000618,Daines,Steve,R,MT,Senate,2
C001095,Cotton,Tom,R,AR,Senate,2
C001075,Cassidy,Bill,R,LA,Senate,2
R000605,Rounds,Mike,R,SD,Senate,2
S001198,Sullivan,Dan,R,AK,Senate,2
L000575,Lankford,James,R,OK,Senate,2
C001047,Capito,Shelley,R,WV,Senate,2
G000562,Gardner,Cory,R,CO,Senate,2
P000612,Perdue,David,R,GA,Senate,2
E000295,Ernst,Joni,R,IA,Senate,2
T000476,Tillis,Thomas,R,NC,Senate,2
S001197,Sasse,Ben,R,NE,Senate,2
P000595,Peters,Gary,D,MI,Senate,2
R000607,Rooney,Francis,R,FL,House,1
B001298,Bacon,Don,R,NE,House,1
G000579,Gallagher,Mike,R,WI,House,1
N000190,Norman,Ralph,R,SC,House,1
M001202,Murphy,Stephanie,D,FL,House,1
A000375,Arrington,Jodey,R,TX,House,1
K000389,Khanna,Ro,D,CA,House,1
H001074,Hollingsworth,Trey,R,IN,House,1
C001110,Correa,J.,D,CA,House,1
G000583,Gottheimer,Josh,D,NJ,House,1
B001305,Budd,Ted,R,NC,House,1
K000392,Kustoff,David,R,TN,House,1
T000478,Tenney,Claudia,R,NY,House,1
C001112,Carbajal,Salud,D,CA,House,1
M001200,Mceachin,A.,D,VA,House,1
B001300,Barragan,Nanette,D,CA,House,1
J000298,Jayapal,Pramila,D,WA,House,1
G000580,Garrett,Thomas,R,VA,House,1
T000477,Taylor,Scott,R,VA,House,1
P000613,Panetta,Jimmy,D,CA,House,1
R000606,Raskin,Jamie,D,MD,House,1
G000578,Gaetz,Matt,R,FL,House,1
C001108,Comer,James,R,KY,House,1
S001200,Soto,Darren,D,FL,House,1
M001201,Mitchell,Paul,R,MI,House,1
S001199,Smucker,Lloyd,R,PA,House,1
G000584,Gianforte,Greg,R,MT,House,1
B001303,Blunt Rochester,Lisa,D,DE,House,1
D000628,Dunn,Neal,R,FL,House,1
M001198,Marshall,Roger,R,KS,House,1
E000297,Espaillat,Adriano,D,NY,House,1
K000390,Kihuen,Ruben,D,NV,House,1
S001201,Suozzi,Thomas,D,NY,House,1
O000171,O'halleran,Tom,D,AZ,House,1
R000608,Rosen,Jacky,D,NV,House,1
C001111,Crist,Charlie,D,FL,House,1
L000586,Lawson,Al,D,FL,House,1
D000627,Demings,Val,D,FL,House,1
C001109,Cheney,Liz,R,WY,House,1
B001302,Biggs,Andy,R,AZ,House,1
H001077,Higgins,Clay,R,LA,House,1
B001299,Banks,Jim,R,IN,House,1
J000299,Johnson,Mike,R,LA,House,1
R000609,Rutherford,John,R,FL,House,1
F000465,Ferguson,A.,R,GA,House,1
L000587,Lewis,Jason,R,MN,House,1
G000581,Gonzalez,Vicente,D,TX,House,1
F000464,Faso,John,R,NY,House,1
K000391,Krishnamoorthi,Raja,D,IL,House,1
B001304,Brown,Anthony,D,MD,House,1
M001199,Mast,Brian,R,FL,House,1
F000466,Fitzpatrick,Brian,R,PA,House,1
E000298,Estes,Ron,R,KS,House,1
B001301,Bergman,Jack,R,MI,House,1
G000582,Gonzalez-Colon,Jenniffer,R,PR,House,1
H001078,Handel,Karen,R,GA,House,1
G000585,Gomez,Jimmy,D,CA,House,1
H001056,Beutler,Jaime,R,WA,House,1
K000393,Kennedy,John,R,LA,Senate,2
Y000064,Young,Todd,R,IN,Senate,2
H001076,Hassan,Margaret,D,NH,Senate,2
C001113,Cortez Masto,Catherine,D,NV,Senate,2
D000622,Duckworth,Tammy,D,IL,Senate,2
H001075,Harris,Kamala,D,CA,Senate,2
V000128,Van Hollen,Chris,D,MD,Senate,2
S001202,Strange,Luther,R,AL,Senate,2
